{"cameraMode":{"drawMode":0,"name":"Shaded","section":"Shading Mode"},"sceneLighting":true,"audioPlay":false,"sceneViewState":{"showFog":true,"showMaterialUpdate":false,"showSkybox":true,"showFlares":true,"showImageEffects":true,"showParticleSystems":true},"in2DMode":false,"pivot":{"x":277.83477783203127,"y":102.4094009399414,"z":423.9281005859375},"rotation":{"x":0.008997377939522267,"y":0.01740633137524128,"z":0.00015629210975021124,"w":-0.9998080134391785},"size":747.7227783203125,"orthographic":false}