{"cameraMode":{"drawMode":0,"name":"Shaded","section":"Shading Mode"},"sceneLighting":false,"audioPlay":false,"sceneViewState":{"showFog":true,"showMaterialUpdate":false,"showSkybox":true,"showFlares":true,"showImageEffects":true,"showParticleSystems":true},"in2DMode":false,"pivot":{"x":1.7741584777832032,"y":0.6067905426025391,"z":-17.391889572143556},"rotation":{"x":-0.18785282969474793,"y":0.6815078258514404,"z":-0.18773987889289857,"w":-0.6819179654121399},"size":37.24726867675781,"orthographic":false}